-- phpMyAdmin SQL Dump
-- version 5.2.0
-- https://www.phpmyadmin.net/
--
-- Хост: 127.0.0.1:3306
-- Время создания: Дек 25 2023 г., 15:08
-- Версия сервера: 8.0.30
-- Версия PHP: 7.2.34

SET SQL_MODE = "NO_AUTO_VALUE_ON_ZERO";
START TRANSACTION;
SET time_zone = "+00:00";


/*!40101 SET @OLD_CHARACTER_SET_CLIENT=@@CHARACTER_SET_CLIENT */;
/*!40101 SET @OLD_CHARACTER_SET_RESULTS=@@CHARACTER_SET_RESULTS */;
/*!40101 SET @OLD_COLLATION_CONNECTION=@@COLLATION_CONNECTION */;
/*!40101 SET NAMES utf8mb4 */;

--
-- База данных: `cinema`
--

-- --------------------------------------------------------

--
-- Структура таблицы `categories`
--

CREATE TABLE `categories` (
  `catID` int NOT NULL,
  `catName` varchar(50) NOT NULL
) ENGINE=MyISAM DEFAULT CHARSET=utf8mb3;

--
-- Дамп данных таблицы `categories`
--

INSERT INTO `categories` (`catID`, `catName`) VALUES
(1, 'Экшен'),
(2, 'Ужасы'),
(3, 'Мультфильм'),
(4, 'Комедия'),
(5, 'Приключение'),
(6, 'История'),
(7, 'Драма'),
(8, 'Боевик');

-- --------------------------------------------------------

--
-- Структура таблицы `connections`
--

CREATE TABLE `connections` (
  `conID` int NOT NULL,
  `conCatID` int DEFAULT NULL,
  `conMovieID` int DEFAULT NULL
) ENGINE=MyISAM DEFAULT CHARSET=utf8mb3;

--
-- Дамп данных таблицы `connections`
--

INSERT INTO `connections` (`conID`, `conCatID`, `conMovieID`) VALUES
(1, 1, 1),
(5, 3, 4),
(3, 1, 2),
(4, 2, 2),
(6, 3, 3),
(7, 4, 3),
(8, 6, 1),
(9, 5, 1),
(10, 5, 4),
(11, 7, 5),
(12, 6, 3),
(13, 7, 6),
(14, 3, 7),
(15, 1, 8),
(16, 5, 8);

-- --------------------------------------------------------

--
-- Структура таблицы `movies`
--

CREATE TABLE `movies` (
  `movieID` int NOT NULL,
  `movieTitle` varchar(50) NOT NULL,
  `movieInfo` varchar(250) NOT NULL,
  `movieImg` varchar(300) DEFAULT NULL,
  `movieCost` varchar(500) NOT NULL
) ENGINE=InnoDB DEFAULT CHARSET=utf8mb3;

--
-- Дамп данных таблицы `movies`
--

INSERT INTO `movies` (`movieID`, `movieTitle`, `movieInfo`, `movieImg`, `movieCost`) VALUES
(1, 'Гномы. Новогодний беспредел', 'После разрушительных событий \"Мстителей: Война бесконечности\" (2018) вселенная лежит в руинах. С помощью оставшихся союзников Мстители собираются еще раз, чтобы отменить действия Таноса и восстановить порядок во Вселенной.', 'https://cdn.vox-cdn.com/thumbor/iqbKqSTMnIh5kMdWAw0M0qIAORM=/1400x1400/filters:format(jpeg)/cdn.vox-cdn.com/uploads/chorus_asset/file/15969338/surprise_marvel_releases_a_new_full_trailer_and_poster_for_avengers_endgame_social.jpg', '250'),
(2, 'Ренфилд', 'Супер-убийца Джон Уик находится в бегах после убийства члена международной гильдии наемных убийц, и за его голову назначена награда в 14 миллионов долларов - он является мишенью наемных убийц повсюду.', 'https://static.adweek.com/adweek.com-prod/wp-content/uploads/2019/05/john-wick-poster-qa-hed-page-2019.jpg', '240'),
(3, 'Ферарри', 'В каждом из нас есть супергерой, просто нужно немного магии, чтобы проявить его. В случае с Билли Бэтсоном, выкрикнув одно слово - ШАЗАМ. - этот беспризорный четырнадцатилетний приемный ребенок может превратиться во взрослого супергероя Шазама.', 'https://filmpoisk.com/wp-content/uploads/2023/05/data-vyhoda-filma-shazam-3.jpg', '300'),
(4, 'Переводчик', 'Добросердечный уличный мальчишка и жаждущий власти великий визирь соперничают за волшебную лампу, способную исполнить их самые сокровенные желания.', 'https://img.goodfon.ru/original/2880x1800/5/41/aladdin-2019-movie-mena-massud-naomi-skott-uill-smit-aladdin.jpg', '120'),
(5, 'Заветное желание', 'Музыкальная фантазия о фантастической человеческой истории прорывных лет Элтона Джонса.', 'https://afisha-tyumen.ru/media/events/2020/02/04/b08b01d3d6624266b7c120ffd032b99b.1024.jpg', '270'),
(6, 'Флэш', 'Годы становления осиротевшего писателя Дж.Р.Р. Толкина, когда он находит дружбу, любовь и художественное вдохновение среди группы одноклассников-изгоев в школе.', 'https://static1.srcdn.com/wordpress/wp-content/uploads/2019/05/Tolkien-movie-poster.jpg', '280'),
(7, 'Мальчик и Птица', 'Продолжение истории о Максе и его друзьях-питомцах, рассказывающей об их тайной жизни после того, как их хозяева каждый день уходят на работу или в школу.', 'http://www.desdehollywood.com/http://desdehollywood.com/wp-content/uploads/2019/04/THE-SECRET-LIFE-OF-PETS-2.jpg', '210'),
(8, 'Пила 10', 'Криптозоологическое агентство Monarch противостоит целой батарее монстров размером с бога, включая могучего Годзиллу, который сталкивается с Мотрой, Роданом и своим заклятым врагом, трехголовым королем Гидорой.', 'https://assets1.ignimgs.com/2019/03/20/kingofmonsterssetvisit-blogroll-1553124612455_1280w.jpg', '230'),
(9, 'Вонка', 'лоплаы', 'лпвдылпвы', '150'),
(10, 'Крик. Ночь перед Рождеством', 'лорлро', 'орплрпл', '250'),
(11, 'Неудержимые 4', 'лвпдолопавдв', 'арпаова', '190'),
(12, 'Мой Хатико', 'зхщхзщх', 'зщлодлодло', '200'),
(13, 'Опенгеймер', 'аыпав', 'раврав', '250');

-- --------------------------------------------------------

--
-- Структура таблицы `posts`
--

CREATE TABLE `posts` (
  `postID` int NOT NULL,
  `postComment` varchar(2000) DEFAULT NULL,
  `postDate` datetime DEFAULT NULL,
  `postTitle` varchar(50) DEFAULT NULL,
  `postImg` varchar(2000) DEFAULT 'sample.jpg',
  `userId` int DEFAULT NULL
) ENGINE=MyISAM DEFAULT CHARSET=utf8mb3;

--
-- Дамп данных таблицы `posts`
--

INSERT INTO `posts` (`postID`, `postComment`, `postDate`, `postTitle`, `postImg`, `userId`) VALUES
(7, 'Отличный сюжет. Отличный актерский состав, как новых актёров, так и тех из 90х. Актерская игра. Спецэффекты, графика, трюки, приёмы и драки. Хорошие шутки, смешные ситуации, драматические ситуации. Прекрасное настроение от фильма.', '2023-12-08 08:27:00', 'Флэш', '', 1),
(20, 'Смотрели по рекомендации и не пожалели. Фильм довольно интересный, очень хорошо снят. Множество видных актёров приняли участие в этом проекте.\nСюжет в фильме довольно интересный и смотреть за развитием событий тоже очень интересно, но сама подача давольно специфична. Постоянные отсылки в прошлое довольно сильно напрягали, особенно пока ты не понимаешь почему те или иные события упомянаются. Постоянная ратация людей в кадрах тоже играет в минус, так как не успеваешь их запомнить.', '2023-12-08 00:00:00', 'Опенгеймер', '', 11),
(13, 'Новая работа известного японского аниматора. Качественная двухмерная графика. Великолепный музыкальный фон. Есть, о чем подумать. Много подтекстов для размышления.', '2023-12-07 19:31:00', 'Мальчик и Птица', '', 9),
(14, 'Всем привет! посмотрела я Фильм \"Феррари\" (2023).\nГлавный герой основатель компании Феррари, фильм биографический. повествует о жизни. увлечениях. трагедиях, подъемах и спусках в его жизни.\nМне большая часть фильма не понравилась, история на мой взгляд- для меня почти ничего не знающего про этого человека - ну разве что я знаю что он выпускал автомобили, в основном гоночные и очень дорогие- так вот для меня история рассказана слишком наскоками и не интересно.', '2023-12-08 00:00:00', 'Ферарри', '', 7);

-- --------------------------------------------------------

--
-- Структура таблицы `seats`
--

CREATE TABLE `seats` (
  `seatID` int NOT NULL,
  `movieID` int NOT NULL,
  `row` int NOT NULL,
  `seatNumber` int NOT NULL,
  `status` varchar(50) NOT NULL DEFAULT 'available'
) ENGINE=InnoDB DEFAULT CHARSET=utf8mb3;

--
-- Дамп данных таблицы `seats`
--

INSERT INTO `seats` (`seatID`, `movieID`, `row`, `seatNumber`, `status`) VALUES
(1, 4, 1, 1, 'available'),
(2, 4, 1, 2, 'available'),
(3, 4, 1, 3, 'available'),
(4, 4, 1, 4, 'available'),
(5, 4, 1, 5, 'available'),
(6, 4, 1, 6, 'available'),
(7, 4, 1, 7, 'available'),
(8, 4, 1, 8, 'available'),
(9, 4, 1, 9, 'available'),
(10, 4, 1, 10, 'available'),
(11, 4, 2, 1, 'available'),
(12, 4, 2, 2, 'available'),
(13, 4, 2, 3, 'sold'),
(14, 4, 2, 4, 'sold'),
(15, 4, 2, 5, 'available'),
(16, 4, 2, 6, 'available'),
(17, 4, 2, 7, 'available'),
(18, 4, 2, 8, 'sold'),
(19, 4, 2, 9, 'available'),
(20, 4, 2, 10, 'available'),
(21, 4, 3, 1, 'available'),
(22, 4, 3, 2, 'available'),
(23, 4, 3, 3, 'available'),
(24, 4, 3, 4, 'available'),
(25, 4, 3, 5, 'sold'),
(26, 4, 3, 6, 'available'),
(27, 4, 3, 7, 'available'),
(28, 4, 3, 8, 'available'),
(29, 4, 3, 9, 'available'),
(30, 4, 3, 10, 'available'),
(31, 4, 4, 1, 'available'),
(32, 4, 4, 2, 'available'),
(33, 4, 4, 3, 'available'),
(34, 4, 4, 4, 'sold'),
(35, 4, 4, 5, 'available'),
(36, 4, 4, 6, 'available'),
(37, 4, 4, 7, 'available'),
(38, 4, 4, 8, 'sold'),
(39, 4, 4, 9, 'sold'),
(40, 4, 4, 10, 'sold'),
(41, 4, 5, 1, 'available'),
(42, 4, 5, 2, 'available'),
(43, 4, 5, 3, 'available'),
(44, 4, 5, 4, 'available'),
(45, 4, 5, 5, 'available'),
(46, 4, 5, 6, 'available'),
(47, 4, 5, 7, 'available'),
(48, 4, 5, 8, 'available'),
(49, 4, 5, 9, 'sold'),
(50, 4, 5, 10, 'sold'),
(51, 4, 6, 1, 'available'),
(52, 4, 6, 2, 'available'),
(53, 4, 6, 3, 'available'),
(54, 4, 6, 4, 'available'),
(55, 4, 6, 5, 'available'),
(56, 4, 6, 6, 'available'),
(57, 4, 6, 7, 'available'),
(58, 4, 6, 8, 'available'),
(59, 4, 6, 9, 'available'),
(60, 4, 6, 10, 'available'),
(61, 4, 7, 1, 'available'),
(62, 4, 7, 2, 'available'),
(63, 4, 7, 3, 'available'),
(64, 4, 7, 4, 'available'),
(65, 4, 7, 5, 'available'),
(66, 4, 7, 6, 'available'),
(67, 4, 7, 7, 'available'),
(68, 4, 7, 8, 'available'),
(69, 4, 7, 9, 'available'),
(70, 4, 7, 10, 'available'),
(71, 4, 8, 1, 'available'),
(72, 4, 8, 2, 'available'),
(73, 4, 8, 3, 'available'),
(74, 4, 8, 4, 'available'),
(75, 4, 8, 5, 'available'),
(76, 4, 8, 6, 'available'),
(77, 4, 8, 7, 'available'),
(78, 4, 8, 8, 'available'),
(79, 4, 8, 9, 'available'),
(80, 4, 8, 10, 'available'),
(81, 4, 9, 1, 'available'),
(82, 4, 9, 2, 'available'),
(83, 4, 9, 3, 'available'),
(84, 4, 9, 4, 'available'),
(85, 4, 9, 5, 'available'),
(86, 4, 9, 6, 'available'),
(87, 4, 9, 7, 'available'),
(88, 4, 9, 8, 'available'),
(89, 4, 9, 9, 'available'),
(90, 4, 9, 10, 'available'),
(91, 4, 10, 1, 'available'),
(92, 4, 10, 2, 'available'),
(93, 4, 10, 3, 'available'),
(94, 4, 10, 4, 'available'),
(95, 4, 10, 5, 'available'),
(96, 4, 10, 6, 'available'),
(97, 4, 10, 7, 'available'),
(98, 4, 10, 8, 'available'),
(99, 4, 10, 9, 'available'),
(100, 4, 10, 10, 'available'),
(101, 4, 11, 1, 'available'),
(102, 4, 11, 2, 'available'),
(103, 4, 11, 3, 'available'),
(104, 4, 11, 4, 'available'),
(105, 4, 11, 5, 'available'),
(106, 4, 11, 6, 'available'),
(107, 4, 11, 7, 'available'),
(108, 4, 11, 8, 'available'),
(109, 4, 11, 9, 'available'),
(110, 4, 11, 10, 'available'),
(111, 4, 12, 1, 'available'),
(112, 4, 12, 2, 'available'),
(113, 4, 12, 3, 'available'),
(114, 4, 12, 4, 'available'),
(115, 4, 12, 5, 'available'),
(116, 4, 12, 6, 'available'),
(117, 4, 12, 7, 'available'),
(118, 4, 12, 8, 'available'),
(119, 4, 12, 9, 'available'),
(120, 4, 12, 10, 'available'),
(121, 4, 13, 1, 'available'),
(122, 4, 13, 2, 'available'),
(123, 4, 13, 3, 'available'),
(124, 4, 13, 4, 'available'),
(125, 4, 13, 5, 'available'),
(126, 4, 13, 6, 'available'),
(127, 4, 13, 7, 'available'),
(128, 4, 13, 8, 'available'),
(129, 4, 13, 9, 'available'),
(130, 4, 13, 10, 'available'),
(131, 4, 14, 1, 'available'),
(132, 4, 14, 2, 'available'),
(133, 4, 14, 3, 'available'),
(134, 4, 14, 4, 'available'),
(135, 4, 14, 5, 'available'),
(136, 4, 14, 6, 'available'),
(137, 4, 14, 7, 'available'),
(138, 4, 14, 8, 'available'),
(139, 4, 14, 9, 'available'),
(140, 4, 14, 10, 'available'),
(141, 4, 15, 1, 'available'),
(142, 4, 15, 2, 'available'),
(143, 4, 15, 3, 'available'),
(144, 4, 15, 4, 'available'),
(145, 4, 15, 5, 'available'),
(146, 4, 15, 6, 'available'),
(147, 4, 15, 7, 'available'),
(148, 4, 15, 8, 'available'),
(149, 4, 15, 9, 'available'),
(150, 4, 15, 10, 'available'),
(151, 4, 16, 1, 'available'),
(152, 4, 16, 2, 'available'),
(153, 4, 16, 3, 'available'),
(154, 4, 16, 4, 'available'),
(155, 4, 16, 5, 'available'),
(156, 4, 16, 6, 'available'),
(157, 4, 16, 7, 'available'),
(158, 4, 16, 8, 'available'),
(159, 4, 16, 9, 'available'),
(160, 4, 16, 10, 'available'),
(161, 4, 17, 1, 'available'),
(162, 4, 17, 2, 'available'),
(163, 4, 17, 3, 'available'),
(164, 4, 17, 4, 'available'),
(165, 4, 17, 5, 'available'),
(166, 4, 17, 6, 'available'),
(167, 4, 17, 7, 'available'),
(168, 4, 17, 8, 'available'),
(169, 4, 17, 9, 'available'),
(170, 4, 17, 10, 'available'),
(171, 4, 18, 1, 'available'),
(172, 4, 18, 2, 'available'),
(173, 4, 18, 3, 'available'),
(174, 4, 18, 4, 'available'),
(175, 4, 18, 5, 'available'),
(176, 4, 18, 6, 'available'),
(177, 4, 18, 7, 'available'),
(178, 4, 18, 8, 'available'),
(179, 4, 18, 9, 'available'),
(180, 4, 18, 10, 'available'),
(181, 4, 19, 1, 'available'),
(182, 4, 19, 2, 'available'),
(183, 4, 19, 3, 'available'),
(184, 4, 19, 4, 'available'),
(185, 4, 19, 5, 'available'),
(186, 4, 19, 6, 'available'),
(187, 4, 19, 7, 'available'),
(188, 4, 19, 8, 'available'),
(189, 4, 19, 9, 'available'),
(190, 4, 19, 10, 'available'),
(191, 4, 20, 1, 'available'),
(192, 4, 20, 2, 'available'),
(193, 4, 20, 3, 'available'),
(194, 4, 20, 4, 'available'),
(195, 4, 20, 5, 'available'),
(196, 4, 20, 6, 'available'),
(197, 4, 20, 7, 'available'),
(198, 4, 20, 8, 'available'),
(199, 4, 20, 9, 'available'),
(200, 4, 20, 10, 'available'),
(201, 1, 1, 1, 'available'),
(202, 1, 1, 2, 'available'),
(203, 1, 1, 3, 'available'),
(204, 1, 1, 4, 'available'),
(205, 1, 1, 5, 'available'),
(206, 1, 1, 6, 'available'),
(207, 1, 1, 7, 'available'),
(208, 1, 1, 8, 'available'),
(209, 1, 1, 9, 'available'),
(210, 1, 1, 10, 'available'),
(211, 1, 2, 1, 'available'),
(212, 1, 2, 2, 'available'),
(213, 1, 2, 3, 'available'),
(214, 1, 2, 4, 'available'),
(215, 1, 2, 5, 'available'),
(216, 1, 2, 6, 'available'),
(217, 1, 2, 7, 'available'),
(218, 1, 2, 8, 'available'),
(219, 1, 2, 9, 'available'),
(220, 1, 2, 10, 'available'),
(221, 1, 3, 1, 'available'),
(222, 1, 3, 2, 'available'),
(223, 1, 3, 3, 'available'),
(224, 1, 3, 4, 'available'),
(225, 1, 3, 5, 'available'),
(226, 1, 3, 6, 'available'),
(227, 1, 3, 7, 'available'),
(228, 1, 3, 8, 'available'),
(229, 1, 3, 9, 'available'),
(230, 1, 3, 10, 'available'),
(231, 1, 4, 1, 'available'),
(232, 1, 4, 2, 'available'),
(233, 1, 4, 3, 'available'),
(234, 1, 4, 4, 'available'),
(235, 1, 4, 5, 'available'),
(236, 1, 4, 6, 'available'),
(237, 1, 4, 7, 'available'),
(238, 1, 4, 8, 'available'),
(239, 1, 4, 9, 'available'),
(240, 1, 4, 10, 'available'),
(241, 1, 5, 1, 'available'),
(242, 1, 5, 2, 'available'),
(243, 1, 5, 3, 'available'),
(244, 1, 5, 4, 'available'),
(245, 1, 5, 5, 'available'),
(246, 1, 5, 6, 'available'),
(247, 1, 5, 7, 'available'),
(248, 1, 5, 8, 'available'),
(249, 1, 5, 9, 'available'),
(250, 1, 5, 10, 'available'),
(251, 1, 6, 1, 'available'),
(252, 1, 6, 2, 'available'),
(253, 1, 6, 3, 'available'),
(254, 1, 6, 4, 'available'),
(255, 1, 6, 5, 'available'),
(256, 1, 6, 6, 'available'),
(257, 1, 6, 7, 'available'),
(258, 1, 6, 8, 'available'),
(259, 1, 6, 9, 'available'),
(260, 1, 6, 10, 'available'),
(261, 1, 7, 1, 'available'),
(262, 1, 7, 2, 'available'),
(263, 1, 7, 3, 'available'),
(264, 1, 7, 4, 'available'),
(265, 1, 7, 5, 'available'),
(266, 1, 7, 6, 'available'),
(267, 1, 7, 7, 'available'),
(268, 1, 7, 8, 'available'),
(269, 1, 7, 9, 'available'),
(270, 1, 7, 10, 'available'),
(271, 1, 8, 1, 'available'),
(272, 1, 8, 2, 'available'),
(273, 1, 8, 3, 'available'),
(274, 1, 8, 4, 'available'),
(275, 1, 8, 5, 'available'),
(276, 1, 8, 6, 'available'),
(277, 1, 8, 7, 'available'),
(278, 1, 8, 8, 'available'),
(279, 1, 8, 9, 'available'),
(280, 1, 8, 10, 'available'),
(281, 1, 9, 1, 'available'),
(282, 1, 9, 2, 'available'),
(283, 1, 9, 3, 'available'),
(284, 1, 9, 4, 'available'),
(285, 1, 9, 5, 'available'),
(286, 1, 9, 6, 'available'),
(287, 1, 9, 7, 'available'),
(288, 1, 9, 8, 'available'),
(289, 1, 9, 9, 'available'),
(290, 1, 9, 10, 'available'),
(291, 1, 10, 1, 'available'),
(292, 1, 10, 2, 'available'),
(293, 1, 10, 3, 'available'),
(294, 1, 10, 4, 'available'),
(295, 1, 10, 5, 'available'),
(296, 1, 10, 6, 'available'),
(297, 1, 10, 7, 'available'),
(298, 1, 10, 8, 'available'),
(299, 1, 10, 9, 'available'),
(300, 1, 10, 10, 'available'),
(301, 1, 11, 1, 'available'),
(302, 1, 11, 2, 'available'),
(303, 1, 11, 3, 'available'),
(304, 1, 11, 4, 'available'),
(305, 1, 11, 5, 'available'),
(306, 1, 11, 6, 'available'),
(307, 1, 11, 7, 'available'),
(308, 1, 11, 8, 'available'),
(309, 1, 11, 9, 'available'),
(310, 1, 11, 10, 'available'),
(311, 1, 12, 1, 'available'),
(312, 1, 12, 2, 'available'),
(313, 1, 12, 3, 'available'),
(314, 1, 12, 4, 'available'),
(315, 1, 12, 5, 'available'),
(316, 1, 12, 6, 'available'),
(317, 1, 12, 7, 'available'),
(318, 1, 12, 8, 'available'),
(319, 1, 12, 9, 'available'),
(320, 1, 12, 10, 'available'),
(321, 1, 13, 1, 'available'),
(322, 1, 13, 2, 'available'),
(323, 1, 13, 3, 'available'),
(324, 1, 13, 4, 'available'),
(325, 1, 13, 5, 'available'),
(326, 1, 13, 6, 'available'),
(327, 1, 13, 7, 'available'),
(328, 1, 13, 8, 'available'),
(329, 1, 13, 9, 'available'),
(330, 1, 13, 10, 'available'),
(331, 1, 14, 1, 'available'),
(332, 1, 14, 2, 'available'),
(333, 1, 14, 3, 'available'),
(334, 1, 14, 4, 'available'),
(335, 1, 14, 5, 'available'),
(336, 1, 14, 6, 'available'),
(337, 1, 14, 7, 'available'),
(338, 1, 14, 8, 'available'),
(339, 1, 14, 9, 'available'),
(340, 1, 14, 10, 'available'),
(341, 1, 15, 1, 'available'),
(342, 1, 15, 2, 'available'),
(343, 1, 15, 3, 'available'),
(344, 1, 15, 4, 'available'),
(345, 1, 15, 5, 'available'),
(346, 1, 15, 6, 'available'),
(347, 1, 15, 7, 'available'),
(348, 1, 15, 8, 'available'),
(349, 1, 15, 9, 'available'),
(350, 1, 15, 10, 'available'),
(351, 1, 16, 1, 'available'),
(352, 1, 16, 2, 'available'),
(353, 1, 16, 3, 'available'),
(354, 1, 16, 4, 'available'),
(355, 1, 16, 5, 'available'),
(356, 1, 16, 6, 'available'),
(357, 1, 16, 7, 'available'),
(358, 1, 16, 8, 'available'),
(359, 1, 16, 9, 'available'),
(360, 1, 16, 10, 'available'),
(361, 1, 17, 1, 'available'),
(362, 1, 17, 2, 'available'),
(363, 1, 17, 3, 'available'),
(364, 1, 17, 4, 'available'),
(365, 1, 17, 5, 'available'),
(366, 1, 17, 6, 'available'),
(367, 1, 17, 7, 'available'),
(368, 1, 17, 8, 'available'),
(369, 1, 17, 9, 'available'),
(370, 1, 17, 10, 'available'),
(371, 1, 18, 1, 'available'),
(372, 1, 18, 2, 'available'),
(373, 1, 18, 3, 'available'),
(374, 1, 18, 4, 'available'),
(375, 1, 18, 5, 'available'),
(376, 1, 18, 6, 'available'),
(377, 1, 18, 7, 'available'),
(378, 1, 18, 8, 'available'),
(379, 1, 18, 9, 'available'),
(380, 1, 18, 10, 'available'),
(381, 1, 19, 1, 'available'),
(382, 1, 19, 2, 'available'),
(383, 1, 19, 3, 'available'),
(384, 1, 19, 4, 'available'),
(385, 1, 19, 5, 'available'),
(386, 1, 19, 6, 'available'),
(387, 1, 19, 7, 'available'),
(388, 1, 19, 8, 'available'),
(389, 1, 19, 9, 'available'),
(390, 1, 19, 10, 'available'),
(391, 1, 20, 1, 'available'),
(392, 1, 20, 2, 'available'),
(393, 1, 20, 3, 'available'),
(394, 1, 20, 4, 'available'),
(395, 1, 20, 5, 'available'),
(396, 1, 20, 6, 'available'),
(397, 1, 20, 7, 'available'),
(398, 1, 20, 8, 'available'),
(399, 1, 20, 9, 'available'),
(400, 1, 20, 10, 'available'),
(401, 8, 1, 1, 'available'),
(402, 8, 1, 2, 'available'),
(403, 8, 1, 3, 'available'),
(404, 8, 1, 4, 'available'),
(405, 8, 1, 5, 'available'),
(406, 8, 1, 6, 'available'),
(407, 8, 1, 7, 'available'),
(408, 8, 1, 8, 'available'),
(409, 8, 1, 9, 'available'),
(410, 8, 1, 10, 'available'),
(411, 8, 2, 1, 'available'),
(412, 8, 2, 2, 'available'),
(413, 8, 2, 3, 'available'),
(414, 8, 2, 4, 'available'),
(415, 8, 2, 5, 'available'),
(416, 8, 2, 6, 'available'),
(417, 8, 2, 7, 'available'),
(418, 8, 2, 8, 'available'),
(419, 8, 2, 9, 'available'),
(420, 8, 2, 10, 'available'),
(421, 8, 3, 1, 'available'),
(422, 8, 3, 2, 'available'),
(423, 8, 3, 3, 'available'),
(424, 8, 3, 4, 'available'),
(425, 8, 3, 5, 'available'),
(426, 8, 3, 6, 'available'),
(427, 8, 3, 7, 'available'),
(428, 8, 3, 8, 'available'),
(429, 8, 3, 9, 'available'),
(430, 8, 3, 10, 'available'),
(431, 8, 4, 1, 'available'),
(432, 8, 4, 2, 'available'),
(433, 8, 4, 3, 'available'),
(434, 8, 4, 4, 'available'),
(435, 8, 4, 5, 'available'),
(436, 8, 4, 6, 'available'),
(437, 8, 4, 7, 'available'),
(438, 8, 4, 8, 'available'),
(439, 8, 4, 9, 'available'),
(440, 8, 4, 10, 'available'),
(441, 8, 5, 1, 'available'),
(442, 8, 5, 2, 'available'),
(443, 8, 5, 3, 'available'),
(444, 8, 5, 4, 'available'),
(445, 8, 5, 5, 'available'),
(446, 8, 5, 6, 'available'),
(447, 8, 5, 7, 'available'),
(448, 8, 5, 8, 'available'),
(449, 8, 5, 9, 'available'),
(450, 8, 5, 10, 'available'),
(451, 8, 6, 1, 'available'),
(452, 8, 6, 2, 'available'),
(453, 8, 6, 3, 'available'),
(454, 8, 6, 4, 'available'),
(455, 8, 6, 5, 'available'),
(456, 8, 6, 6, 'available'),
(457, 8, 6, 7, 'available'),
(458, 8, 6, 8, 'available'),
(459, 8, 6, 9, 'available'),
(460, 8, 6, 10, 'available'),
(461, 8, 7, 1, 'available'),
(462, 8, 7, 2, 'available'),
(463, 8, 7, 3, 'available'),
(464, 8, 7, 4, 'available'),
(465, 8, 7, 5, 'available'),
(466, 8, 7, 6, 'available'),
(467, 8, 7, 7, 'available'),
(468, 8, 7, 8, 'available'),
(469, 8, 7, 9, 'available'),
(470, 8, 7, 10, 'available'),
(471, 8, 8, 1, 'available'),
(472, 8, 8, 2, 'available'),
(473, 8, 8, 3, 'available'),
(474, 8, 8, 4, 'available'),
(475, 8, 8, 5, 'available'),
(476, 8, 8, 6, 'available'),
(477, 8, 8, 7, 'available'),
(478, 8, 8, 8, 'available'),
(479, 8, 8, 9, 'available'),
(480, 8, 8, 10, 'available'),
(481, 8, 9, 1, 'available'),
(482, 8, 9, 2, 'available'),
(483, 8, 9, 3, 'available'),
(484, 8, 9, 4, 'available'),
(485, 8, 9, 5, 'available'),
(486, 8, 9, 6, 'available'),
(487, 8, 9, 7, 'available'),
(488, 8, 9, 8, 'available'),
(489, 8, 9, 9, 'available'),
(490, 8, 9, 10, 'available'),
(491, 8, 10, 1, 'available'),
(492, 8, 10, 2, 'available'),
(493, 8, 10, 3, 'available'),
(494, 8, 10, 4, 'available'),
(495, 8, 10, 5, 'available'),
(496, 8, 10, 6, 'available'),
(497, 8, 10, 7, 'available'),
(498, 8, 10, 8, 'available'),
(499, 8, 10, 9, 'available'),
(500, 8, 10, 10, 'available'),
(501, 8, 11, 1, 'available'),
(502, 8, 11, 2, 'available'),
(503, 8, 11, 3, 'available'),
(504, 8, 11, 4, 'available'),
(505, 8, 11, 5, 'available'),
(506, 8, 11, 6, 'available'),
(507, 8, 11, 7, 'available'),
(508, 8, 11, 8, 'available'),
(509, 8, 11, 9, 'available'),
(510, 8, 11, 10, 'available'),
(511, 8, 12, 1, 'available'),
(512, 8, 12, 2, 'available'),
(513, 8, 12, 3, 'available'),
(514, 8, 12, 4, 'available'),
(515, 8, 12, 5, 'available'),
(516, 8, 12, 6, 'available'),
(517, 8, 12, 7, 'available'),
(518, 8, 12, 8, 'available'),
(519, 8, 12, 9, 'available'),
(520, 8, 12, 10, 'available'),
(521, 8, 13, 1, 'available'),
(522, 8, 13, 2, 'available'),
(523, 8, 13, 3, 'available'),
(524, 8, 13, 4, 'available'),
(525, 8, 13, 5, 'available'),
(526, 8, 13, 6, 'available'),
(527, 8, 13, 7, 'available'),
(528, 8, 13, 8, 'available'),
(529, 8, 13, 9, 'available'),
(530, 8, 13, 10, 'available'),
(531, 8, 14, 1, 'available'),
(532, 8, 14, 2, 'available'),
(533, 8, 14, 3, 'available'),
(534, 8, 14, 4, 'available'),
(535, 8, 14, 5, 'available'),
(536, 8, 14, 6, 'available'),
(537, 8, 14, 7, 'available'),
(538, 8, 14, 8, 'available'),
(539, 8, 14, 9, 'available'),
(540, 8, 14, 10, 'available'),
(541, 8, 15, 1, 'available'),
(542, 8, 15, 2, 'available'),
(543, 8, 15, 3, 'available'),
(544, 8, 15, 4, 'available'),
(545, 8, 15, 5, 'available'),
(546, 8, 15, 6, 'available'),
(547, 8, 15, 7, 'available'),
(548, 8, 15, 8, 'available'),
(549, 8, 15, 9, 'available'),
(550, 8, 15, 10, 'available'),
(551, 8, 16, 1, 'available'),
(552, 8, 16, 2, 'available'),
(553, 8, 16, 3, 'available'),
(554, 8, 16, 4, 'available'),
(555, 8, 16, 5, 'available'),
(556, 8, 16, 6, 'available'),
(557, 8, 16, 7, 'available'),
(558, 8, 16, 8, 'available'),
(559, 8, 16, 9, 'available'),
(560, 8, 16, 10, 'available'),
(561, 8, 17, 1, 'available'),
(562, 8, 17, 2, 'available'),
(563, 8, 17, 3, 'available'),
(564, 8, 17, 4, 'available'),
(565, 8, 17, 5, 'available'),
(566, 8, 17, 6, 'available'),
(567, 8, 17, 7, 'available'),
(568, 8, 17, 8, 'available'),
(569, 8, 17, 9, 'available'),
(570, 8, 17, 10, 'available'),
(571, 8, 18, 1, 'available'),
(572, 8, 18, 2, 'available'),
(573, 8, 18, 3, 'available'),
(574, 8, 18, 4, 'available'),
(575, 8, 18, 5, 'available'),
(576, 8, 18, 6, 'available'),
(577, 8, 18, 7, 'available'),
(578, 8, 18, 8, 'available'),
(579, 8, 18, 9, 'available'),
(580, 8, 18, 10, 'available'),
(581, 8, 19, 1, 'available'),
(582, 8, 19, 2, 'available'),
(583, 8, 19, 3, 'available'),
(584, 8, 19, 4, 'available'),
(585, 8, 19, 5, 'available'),
(586, 8, 19, 6, 'available'),
(587, 8, 19, 7, 'available'),
(588, 8, 19, 8, 'available'),
(589, 8, 19, 9, 'available'),
(590, 8, 19, 10, 'available'),
(591, 8, 20, 1, 'available'),
(592, 8, 20, 2, 'available'),
(593, 8, 20, 3, 'available'),
(594, 8, 20, 4, 'available'),
(595, 8, 20, 5, 'available'),
(596, 8, 20, 6, 'available'),
(597, 8, 20, 7, 'available'),
(598, 8, 20, 8, 'available'),
(599, 8, 20, 9, 'available'),
(600, 8, 20, 10, 'available'),
(601, 2, 1, 1, 'available'),
(602, 2, 1, 2, 'available'),
(603, 2, 1, 3, 'available'),
(604, 2, 1, 4, 'available'),
(605, 2, 1, 5, 'available'),
(606, 2, 1, 6, 'available'),
(607, 2, 1, 7, 'available'),
(608, 2, 1, 8, 'available'),
(609, 2, 1, 9, 'available'),
(610, 2, 1, 10, 'available'),
(611, 2, 2, 1, 'available'),
(612, 2, 2, 2, 'available'),
(613, 2, 2, 3, 'available'),
(614, 2, 2, 4, 'available'),
(615, 2, 2, 5, 'available'),
(616, 2, 2, 6, 'available'),
(617, 2, 2, 7, 'available'),
(618, 2, 2, 8, 'available'),
(619, 2, 2, 9, 'available'),
(620, 2, 2, 10, 'available'),
(621, 2, 3, 1, 'available'),
(622, 2, 3, 2, 'available'),
(623, 2, 3, 3, 'available'),
(624, 2, 3, 4, 'available'),
(625, 2, 3, 5, 'available'),
(626, 2, 3, 6, 'available'),
(627, 2, 3, 7, 'available'),
(628, 2, 3, 8, 'available'),
(629, 2, 3, 9, 'available'),
(630, 2, 3, 10, 'available'),
(631, 2, 4, 1, 'available'),
(632, 2, 4, 2, 'available'),
(633, 2, 4, 3, 'available'),
(634, 2, 4, 4, 'available'),
(635, 2, 4, 5, 'available'),
(636, 2, 4, 6, 'available'),
(637, 2, 4, 7, 'available'),
(638, 2, 4, 8, 'available'),
(639, 2, 4, 9, 'available'),
(640, 2, 4, 10, 'available'),
(641, 2, 5, 1, 'available'),
(642, 2, 5, 2, 'available'),
(643, 2, 5, 3, 'available'),
(644, 2, 5, 4, 'available'),
(645, 2, 5, 5, 'available'),
(646, 2, 5, 6, 'available'),
(647, 2, 5, 7, 'available'),
(648, 2, 5, 8, 'available'),
(649, 2, 5, 9, 'available'),
(650, 2, 5, 10, 'available'),
(651, 2, 6, 1, 'available'),
(652, 2, 6, 2, 'available'),
(653, 2, 6, 3, 'available'),
(654, 2, 6, 4, 'available'),
(655, 2, 6, 5, 'available'),
(656, 2, 6, 6, 'available'),
(657, 2, 6, 7, 'available'),
(658, 2, 6, 8, 'available'),
(659, 2, 6, 9, 'available'),
(660, 2, 6, 10, 'available'),
(661, 2, 7, 1, 'available'),
(662, 2, 7, 2, 'available'),
(663, 2, 7, 3, 'available'),
(664, 2, 7, 4, 'available'),
(665, 2, 7, 5, 'available'),
(666, 2, 7, 6, 'available'),
(667, 2, 7, 7, 'available'),
(668, 2, 7, 8, 'available'),
(669, 2, 7, 9, 'available'),
(670, 2, 7, 10, 'available'),
(671, 2, 8, 1, 'available'),
(672, 2, 8, 2, 'available'),
(673, 2, 8, 3, 'available'),
(674, 2, 8, 4, 'available'),
(675, 2, 8, 5, 'available'),
(676, 2, 8, 6, 'available'),
(677, 2, 8, 7, 'available'),
(678, 2, 8, 8, 'available'),
(679, 2, 8, 9, 'available'),
(680, 2, 8, 10, 'available'),
(681, 2, 9, 1, 'available'),
(682, 2, 9, 2, 'available'),
(683, 2, 9, 3, 'available'),
(684, 2, 9, 4, 'available'),
(685, 2, 9, 5, 'available'),
(686, 2, 9, 6, 'available'),
(687, 2, 9, 7, 'available'),
(688, 2, 9, 8, 'available'),
(689, 2, 9, 9, 'available'),
(690, 2, 9, 10, 'available'),
(691, 2, 10, 1, 'available'),
(692, 2, 10, 2, 'available'),
(693, 2, 10, 3, 'available'),
(694, 2, 10, 4, 'available'),
(695, 2, 10, 5, 'available'),
(696, 2, 10, 6, 'available'),
(697, 2, 10, 7, 'available'),
(698, 2, 10, 8, 'available'),
(699, 2, 10, 9, 'available'),
(700, 2, 10, 10, 'available'),
(701, 2, 11, 1, 'available'),
(702, 2, 11, 2, 'available'),
(703, 2, 11, 3, 'available'),
(704, 2, 11, 4, 'available'),
(705, 2, 11, 5, 'available'),
(706, 2, 11, 6, 'available'),
(707, 2, 11, 7, 'available'),
(708, 2, 11, 8, 'available'),
(709, 2, 11, 9, 'available'),
(710, 2, 11, 10, 'available'),
(711, 2, 12, 1, 'available'),
(712, 2, 12, 2, 'available'),
(713, 2, 12, 3, 'available'),
(714, 2, 12, 4, 'available'),
(715, 2, 12, 5, 'available'),
(716, 2, 12, 6, 'available'),
(717, 2, 12, 7, 'available'),
(718, 2, 12, 8, 'available'),
(719, 2, 12, 9, 'available'),
(720, 2, 12, 10, 'available'),
(721, 2, 13, 1, 'available'),
(722, 2, 13, 2, 'available'),
(723, 2, 13, 3, 'available'),
(724, 2, 13, 4, 'available'),
(725, 2, 13, 5, 'available'),
(726, 2, 13, 6, 'available'),
(727, 2, 13, 7, 'available'),
(728, 2, 13, 8, 'available'),
(729, 2, 13, 9, 'available'),
(730, 2, 13, 10, 'available'),
(731, 2, 14, 1, 'available'),
(732, 2, 14, 2, 'available'),
(733, 2, 14, 3, 'available'),
(734, 2, 14, 4, 'available'),
(735, 2, 14, 5, 'available'),
(736, 2, 14, 6, 'available'),
(737, 2, 14, 7, 'available'),
(738, 2, 14, 8, 'available'),
(739, 2, 14, 9, 'available'),
(740, 2, 14, 10, 'available'),
(741, 2, 15, 1, 'available'),
(742, 2, 15, 2, 'available'),
(743, 2, 15, 3, 'available'),
(744, 2, 15, 4, 'available'),
(745, 2, 15, 5, 'available'),
(746, 2, 15, 6, 'available'),
(747, 2, 15, 7, 'available'),
(748, 2, 15, 8, 'available'),
(749, 2, 15, 9, 'available'),
(750, 2, 15, 10, 'available'),
(751, 2, 16, 1, 'available'),
(752, 2, 16, 2, 'available'),
(753, 2, 16, 3, 'available'),
(754, 2, 16, 4, 'available'),
(755, 2, 16, 5, 'available'),
(756, 2, 16, 6, 'available'),
(757, 2, 16, 7, 'available'),
(758, 2, 16, 8, 'available'),
(759, 2, 16, 9, 'available'),
(760, 2, 16, 10, 'available'),
(761, 2, 17, 1, 'available'),
(762, 2, 17, 2, 'available'),
(763, 2, 17, 3, 'available'),
(764, 2, 17, 4, 'available'),
(765, 2, 17, 5, 'available'),
(766, 2, 17, 6, 'available'),
(767, 2, 17, 7, 'available'),
(768, 2, 17, 8, 'available'),
(769, 2, 17, 9, 'available'),
(770, 2, 17, 10, 'available'),
(771, 2, 18, 1, 'available'),
(772, 2, 18, 2, 'available'),
(773, 2, 18, 3, 'available'),
(774, 2, 18, 4, 'available'),
(775, 2, 18, 5, 'available'),
(776, 2, 18, 6, 'available'),
(777, 2, 18, 7, 'available'),
(778, 2, 18, 8, 'available'),
(779, 2, 18, 9, 'available'),
(780, 2, 18, 10, 'available'),
(781, 2, 19, 1, 'available'),
(782, 2, 19, 2, 'available'),
(783, 2, 19, 3, 'available'),
(784, 2, 19, 4, 'available'),
(785, 2, 19, 5, 'available'),
(786, 2, 19, 6, 'available'),
(787, 2, 19, 7, 'available'),
(788, 2, 19, 8, 'available'),
(789, 2, 19, 9, 'available'),
(790, 2, 19, 10, 'available'),
(791, 2, 20, 1, 'available'),
(792, 2, 20, 2, 'available'),
(793, 2, 20, 3, 'available'),
(794, 2, 20, 4, 'available'),
(795, 2, 20, 5, 'available'),
(796, 2, 20, 6, 'available'),
(797, 2, 20, 7, 'available'),
(798, 2, 20, 8, 'available'),
(799, 2, 20, 9, 'available'),
(800, 2, 20, 10, 'available'),
(801, 5, 1, 1, 'available'),
(802, 5, 1, 2, 'available'),
(803, 5, 1, 3, 'available'),
(804, 5, 1, 4, 'available'),
(805, 5, 1, 5, 'available'),
(806, 5, 1, 6, 'available'),
(807, 5, 1, 7, 'available'),
(808, 5, 1, 8, 'available'),
(809, 5, 1, 9, 'available'),
(810, 5, 1, 10, 'available'),
(811, 5, 2, 1, 'available'),
(812, 5, 2, 2, 'available'),
(813, 5, 2, 3, 'available'),
(814, 5, 2, 4, 'available'),
(815, 5, 2, 5, 'available'),
(816, 5, 2, 6, 'available'),
(817, 5, 2, 7, 'available'),
(818, 5, 2, 8, 'available'),
(819, 5, 2, 9, 'available'),
(820, 5, 2, 10, 'available'),
(821, 5, 3, 1, 'available'),
(822, 5, 3, 2, 'available'),
(823, 5, 3, 3, 'available'),
(824, 5, 3, 4, 'available'),
(825, 5, 3, 5, 'available'),
(826, 5, 3, 6, 'available'),
(827, 5, 3, 7, 'available'),
(828, 5, 3, 8, 'available'),
(829, 5, 3, 9, 'available'),
(830, 5, 3, 10, 'available'),
(831, 5, 4, 1, 'available'),
(832, 5, 4, 2, 'available'),
(833, 5, 4, 3, 'available'),
(834, 5, 4, 4, 'available'),
(835, 5, 4, 5, 'available'),
(836, 5, 4, 6, 'available'),
(837, 5, 4, 7, 'available'),
(838, 5, 4, 8, 'available'),
(839, 5, 4, 9, 'available'),
(840, 5, 4, 10, 'available'),
(841, 5, 5, 1, 'available'),
(842, 5, 5, 2, 'available'),
(843, 5, 5, 3, 'available'),
(844, 5, 5, 4, 'available'),
(845, 5, 5, 5, 'available'),
(846, 5, 5, 6, 'available'),
(847, 5, 5, 7, 'available'),
(848, 5, 5, 8, 'available'),
(849, 5, 5, 9, 'available'),
(850, 5, 5, 10, 'available'),
(851, 5, 6, 1, 'available'),
(852, 5, 6, 2, 'available'),
(853, 5, 6, 3, 'available'),
(854, 5, 6, 4, 'available'),
(855, 5, 6, 5, 'available'),
(856, 5, 6, 6, 'available'),
(857, 5, 6, 7, 'available'),
(858, 5, 6, 8, 'available'),
(859, 5, 6, 9, 'available'),
(860, 5, 6, 10, 'available'),
(861, 5, 7, 1, 'available'),
(862, 5, 7, 2, 'available'),
(863, 5, 7, 3, 'available'),
(864, 5, 7, 4, 'available'),
(865, 5, 7, 5, 'available'),
(866, 5, 7, 6, 'available'),
(867, 5, 7, 7, 'available'),
(868, 5, 7, 8, 'available'),
(869, 5, 7, 9, 'available'),
(870, 5, 7, 10, 'available'),
(871, 5, 8, 1, 'available'),
(872, 5, 8, 2, 'available'),
(873, 5, 8, 3, 'available'),
(874, 5, 8, 4, 'available'),
(875, 5, 8, 5, 'available'),
(876, 5, 8, 6, 'available'),
(877, 5, 8, 7, 'available'),
(878, 5, 8, 8, 'available'),
(879, 5, 8, 9, 'available'),
(880, 5, 8, 10, 'available'),
(881, 5, 9, 1, 'available'),
(882, 5, 9, 2, 'available'),
(883, 5, 9, 3, 'available'),
(884, 5, 9, 4, 'available'),
(885, 5, 9, 5, 'available'),
(886, 5, 9, 6, 'available'),
(887, 5, 9, 7, 'available'),
(888, 5, 9, 8, 'available'),
(889, 5, 9, 9, 'available'),
(890, 5, 9, 10, 'available'),
(891, 5, 10, 1, 'available'),
(892, 5, 10, 2, 'available'),
(893, 5, 10, 3, 'available'),
(894, 5, 10, 4, 'available'),
(895, 5, 10, 5, 'available'),
(896, 5, 10, 6, 'available'),
(897, 5, 10, 7, 'available'),
(898, 5, 10, 8, 'available'),
(899, 5, 10, 9, 'available'),
(900, 5, 10, 10, 'available'),
(901, 5, 11, 1, 'available'),
(902, 5, 11, 2, 'available'),
(903, 5, 11, 3, 'available'),
(904, 5, 11, 4, 'available'),
(905, 5, 11, 5, 'available'),
(906, 5, 11, 6, 'available'),
(907, 5, 11, 7, 'available'),
(908, 5, 11, 8, 'available'),
(909, 5, 11, 9, 'available'),
(910, 5, 11, 10, 'available'),
(911, 5, 12, 1, 'available'),
(912, 5, 12, 2, 'available'),
(913, 5, 12, 3, 'available'),
(914, 5, 12, 4, 'available'),
(915, 5, 12, 5, 'available'),
(916, 5, 12, 6, 'available'),
(917, 5, 12, 7, 'available'),
(918, 5, 12, 8, 'available'),
(919, 5, 12, 9, 'available'),
(920, 5, 12, 10, 'available'),
(921, 5, 13, 1, 'available'),
(922, 5, 13, 2, 'available'),
(923, 5, 13, 3, 'available'),
(924, 5, 13, 4, 'available'),
(925, 5, 13, 5, 'available'),
(926, 5, 13, 6, 'available'),
(927, 5, 13, 7, 'available'),
(928, 5, 13, 8, 'available'),
(929, 5, 13, 9, 'available'),
(930, 5, 13, 10, 'available'),
(931, 5, 14, 1, 'available'),
(932, 5, 14, 2, 'available'),
(933, 5, 14, 3, 'available'),
(934, 5, 14, 4, 'available'),
(935, 5, 14, 5, 'available'),
(936, 5, 14, 6, 'available'),
(937, 5, 14, 7, 'available'),
(938, 5, 14, 8, 'available'),
(939, 5, 14, 9, 'available'),
(940, 5, 14, 10, 'available'),
(941, 5, 15, 1, 'available'),
(942, 5, 15, 2, 'available'),
(943, 5, 15, 3, 'available'),
(944, 5, 15, 4, 'available'),
(945, 5, 15, 5, 'available'),
(946, 5, 15, 6, 'available'),
(947, 5, 15, 7, 'available'),
(948, 5, 15, 8, 'available'),
(949, 5, 15, 9, 'available'),
(950, 5, 15, 10, 'available'),
(951, 5, 16, 1, 'available'),
(952, 5, 16, 2, 'available'),
(953, 5, 16, 3, 'available'),
(954, 5, 16, 4, 'available'),
(955, 5, 16, 5, 'available'),
(956, 5, 16, 6, 'available'),
(957, 5, 16, 7, 'available'),
(958, 5, 16, 8, 'available'),
(959, 5, 16, 9, 'available'),
(960, 5, 16, 10, 'available'),
(961, 5, 17, 1, 'available'),
(962, 5, 17, 2, 'available'),
(963, 5, 17, 3, 'available'),
(964, 5, 17, 4, 'available'),
(965, 5, 17, 5, 'available'),
(966, 5, 17, 6, 'available'),
(967, 5, 17, 7, 'available'),
(968, 5, 17, 8, 'available'),
(969, 5, 17, 9, 'available'),
(970, 5, 17, 10, 'available'),
(971, 5, 18, 1, 'available'),
(972, 5, 18, 2, 'available'),
(973, 5, 18, 3, 'available'),
(974, 5, 18, 4, 'available'),
(975, 5, 18, 5, 'available'),
(976, 5, 18, 6, 'available'),
(977, 5, 18, 7, 'available'),
(978, 5, 18, 8, 'available'),
(979, 5, 18, 9, 'available'),
(980, 5, 18, 10, 'available'),
(981, 5, 19, 1, 'available'),
(982, 5, 19, 2, 'available'),
(983, 5, 19, 3, 'available'),
(984, 5, 19, 4, 'available'),
(985, 5, 19, 5, 'available'),
(986, 5, 19, 6, 'available'),
(987, 5, 19, 7, 'available'),
(988, 5, 19, 8, 'available'),
(989, 5, 19, 9, 'available'),
(990, 5, 19, 10, 'available'),
(991, 5, 20, 1, 'available'),
(992, 5, 20, 2, 'available'),
(993, 5, 20, 3, 'available'),
(994, 5, 20, 4, 'available'),
(995, 5, 20, 5, 'available'),
(996, 5, 20, 6, 'available'),
(997, 5, 20, 7, 'available'),
(998, 5, 20, 8, 'available'),
(999, 5, 20, 9, 'available'),
(1000, 5, 20, 10, 'available'),
(1001, 3, 1, 1, 'available'),
(1002, 3, 1, 2, 'available'),
(1003, 3, 1, 3, 'available'),
(1004, 3, 1, 4, 'available'),
(1005, 3, 1, 5, 'available'),
(1006, 3, 1, 6, 'available'),
(1007, 3, 1, 7, 'available'),
(1008, 3, 1, 8, 'available'),
(1009, 3, 1, 9, 'available'),
(1010, 3, 1, 10, 'available'),
(1011, 3, 2, 1, 'available'),
(1012, 3, 2, 2, 'available'),
(1013, 3, 2, 3, 'available'),
(1014, 3, 2, 4, 'available'),
(1015, 3, 2, 5, 'available'),
(1016, 3, 2, 6, 'available'),
(1017, 3, 2, 7, 'available'),
(1018, 3, 2, 8, 'available'),
(1019, 3, 2, 9, 'available'),
(1020, 3, 2, 10, 'available'),
(1021, 3, 3, 1, 'available'),
(1022, 3, 3, 2, 'available'),
(1023, 3, 3, 3, 'available'),
(1024, 3, 3, 4, 'available'),
(1025, 3, 3, 5, 'available'),
(1026, 3, 3, 6, 'available'),
(1027, 3, 3, 7, 'available'),
(1028, 3, 3, 8, 'available'),
(1029, 3, 3, 9, 'available'),
(1030, 3, 3, 10, 'available'),
(1031, 3, 4, 1, 'available'),
(1032, 3, 4, 2, 'available'),
(1033, 3, 4, 3, 'available'),
(1034, 3, 4, 4, 'available'),
(1035, 3, 4, 5, 'available'),
(1036, 3, 4, 6, 'available'),
(1037, 3, 4, 7, 'available'),
(1038, 3, 4, 8, 'available'),
(1039, 3, 4, 9, 'available'),
(1040, 3, 4, 10, 'available'),
(1041, 3, 5, 1, 'available'),
(1042, 3, 5, 2, 'available'),
(1043, 3, 5, 3, 'available'),
(1044, 3, 5, 4, 'available'),
(1045, 3, 5, 5, 'available'),
(1046, 3, 5, 6, 'available'),
(1047, 3, 5, 7, 'available'),
(1048, 3, 5, 8, 'available'),
(1049, 3, 5, 9, 'available'),
(1050, 3, 5, 10, 'available'),
(1051, 3, 6, 1, 'available'),
(1052, 3, 6, 2, 'available'),
(1053, 3, 6, 3, 'available'),
(1054, 3, 6, 4, 'available'),
(1055, 3, 6, 5, 'available'),
(1056, 3, 6, 6, 'available'),
(1057, 3, 6, 7, 'available'),
(1058, 3, 6, 8, 'available'),
(1059, 3, 6, 9, 'available'),
(1060, 3, 6, 10, 'available'),
(1061, 3, 7, 1, 'available'),
(1062, 3, 7, 2, 'available'),
(1063, 3, 7, 3, 'available'),
(1064, 3, 7, 4, 'available'),
(1065, 3, 7, 5, 'available'),
(1066, 3, 7, 6, 'available'),
(1067, 3, 7, 7, 'available'),
(1068, 3, 7, 8, 'available'),
(1069, 3, 7, 9, 'available'),
(1070, 3, 7, 10, 'available'),
(1071, 3, 8, 1, 'available'),
(1072, 3, 8, 2, 'available'),
(1073, 3, 8, 3, 'available'),
(1074, 3, 8, 4, 'available'),
(1075, 3, 8, 5, 'available'),
(1076, 3, 8, 6, 'available'),
(1077, 3, 8, 7, 'available'),
(1078, 3, 8, 8, 'available'),
(1079, 3, 8, 9, 'available'),
(1080, 3, 8, 10, 'available'),
(1081, 3, 9, 1, 'available'),
(1082, 3, 9, 2, 'available'),
(1083, 3, 9, 3, 'available'),
(1084, 3, 9, 4, 'available'),
(1085, 3, 9, 5, 'available'),
(1086, 3, 9, 6, 'available'),
(1087, 3, 9, 7, 'available'),
(1088, 3, 9, 8, 'available'),
(1089, 3, 9, 9, 'available'),
(1090, 3, 9, 10, 'available'),
(1091, 3, 10, 1, 'available'),
(1092, 3, 10, 2, 'available'),
(1093, 3, 10, 3, 'available'),
(1094, 3, 10, 4, 'available'),
(1095, 3, 10, 5, 'available'),
(1096, 3, 10, 6, 'available'),
(1097, 3, 10, 7, 'available'),
(1098, 3, 10, 8, 'available'),
(1099, 3, 10, 9, 'available'),
(1100, 3, 10, 10, 'available'),
(1101, 3, 11, 1, 'available'),
(1102, 3, 11, 2, 'available'),
(1103, 3, 11, 3, 'available'),
(1104, 3, 11, 4, 'available'),
(1105, 3, 11, 5, 'available'),
(1106, 3, 11, 6, 'available'),
(1107, 3, 11, 7, 'available'),
(1108, 3, 11, 8, 'available'),
(1109, 3, 11, 9, 'available'),
(1110, 3, 11, 10, 'available'),
(1111, 3, 12, 1, 'available'),
(1112, 3, 12, 2, 'available'),
(1113, 3, 12, 3, 'available'),
(1114, 3, 12, 4, 'available'),
(1115, 3, 12, 5, 'available'),
(1116, 3, 12, 6, 'available'),
(1117, 3, 12, 7, 'available'),
(1118, 3, 12, 8, 'available'),
(1119, 3, 12, 9, 'available'),
(1120, 3, 12, 10, 'available'),
(1121, 3, 13, 1, 'available'),
(1122, 3, 13, 2, 'available'),
(1123, 3, 13, 3, 'available'),
(1124, 3, 13, 4, 'available'),
(1125, 3, 13, 5, 'available'),
(1126, 3, 13, 6, 'available'),
(1127, 3, 13, 7, 'available'),
(1128, 3, 13, 8, 'available'),
(1129, 3, 13, 9, 'available'),
(1130, 3, 13, 10, 'available'),
(1131, 3, 14, 1, 'available'),
(1132, 3, 14, 2, 'available'),
(1133, 3, 14, 3, 'available'),
(1134, 3, 14, 4, 'available'),
(1135, 3, 14, 5, 'available'),
(1136, 3, 14, 6, 'available'),
(1137, 3, 14, 7, 'available'),
(1138, 3, 14, 8, 'available'),
(1139, 3, 14, 9, 'available'),
(1140, 3, 14, 10, 'available'),
(1141, 3, 15, 1, 'available'),
(1142, 3, 15, 2, 'available'),
(1143, 3, 15, 3, 'available'),
(1144, 3, 15, 4, 'available'),
(1145, 3, 15, 5, 'available'),
(1146, 3, 15, 6, 'available'),
(1147, 3, 15, 7, 'available'),
(1148, 3, 15, 8, 'available'),
(1149, 3, 15, 9, 'available'),
(1150, 3, 15, 10, 'available'),
(1151, 3, 16, 1, 'available'),
(1152, 3, 16, 2, 'available'),
(1153, 3, 16, 3, 'available'),
(1154, 3, 16, 4, 'available'),
(1155, 3, 16, 5, 'available'),
(1156, 3, 16, 6, 'available'),
(1157, 3, 16, 7, 'available'),
(1158, 3, 16, 8, 'available'),
(1159, 3, 16, 9, 'available'),
(1160, 3, 16, 10, 'available'),
(1161, 3, 17, 1, 'available'),
(1162, 3, 17, 2, 'available'),
(1163, 3, 17, 3, 'available'),
(1164, 3, 17, 4, 'available'),
(1165, 3, 17, 5, 'available'),
(1166, 3, 17, 6, 'available'),
(1167, 3, 17, 7, 'available'),
(1168, 3, 17, 8, 'available'),
(1169, 3, 17, 9, 'available'),
(1170, 3, 17, 10, 'available'),
(1171, 3, 18, 1, 'available'),
(1172, 3, 18, 2, 'available'),
(1173, 3, 18, 3, 'available'),
(1174, 3, 18, 4, 'available'),
(1175, 3, 18, 5, 'available'),
(1176, 3, 18, 6, 'available'),
(1177, 3, 18, 7, 'available'),
(1178, 3, 18, 8, 'available'),
(1179, 3, 18, 9, 'available'),
(1180, 3, 18, 10, 'available'),
(1181, 3, 19, 1, 'available'),
(1182, 3, 19, 2, 'available'),
(1183, 3, 19, 3, 'available'),
(1184, 3, 19, 4, 'available'),
(1185, 3, 19, 5, 'available'),
(1186, 3, 19, 6, 'available'),
(1187, 3, 19, 7, 'available'),
(1188, 3, 19, 8, 'available'),
(1189, 3, 19, 9, 'available'),
(1190, 3, 19, 10, 'available'),
(1191, 3, 20, 1, 'available'),
(1192, 3, 20, 2, 'available'),
(1193, 3, 20, 3, 'available'),
(1194, 3, 20, 4, 'available'),
(1195, 3, 20, 5, 'available'),
(1196, 3, 20, 6, 'available'),
(1197, 3, 20, 7, 'available'),
(1198, 3, 20, 8, 'available'),
(1199, 3, 20, 9, 'available'),
(1200, 3, 20, 10, 'available'),
(1201, 7, 1, 1, 'available'),
(1202, 7, 1, 2, 'available'),
(1203, 7, 1, 3, 'available'),
(1204, 7, 1, 4, 'available'),
(1205, 7, 1, 5, 'available'),
(1206, 7, 1, 6, 'available'),
(1207, 7, 1, 7, 'available'),
(1208, 7, 1, 8, 'available'),
(1209, 7, 1, 9, 'available'),
(1210, 7, 1, 10, 'available'),
(1211, 7, 2, 1, 'available'),
(1212, 7, 2, 2, 'available'),
(1213, 7, 2, 3, 'available'),
(1214, 7, 2, 4, 'available'),
(1215, 7, 2, 5, 'available'),
(1216, 7, 2, 6, 'available'),
(1217, 7, 2, 7, 'available'),
(1218, 7, 2, 8, 'available'),
(1219, 7, 2, 9, 'available'),
(1220, 7, 2, 10, 'available'),
(1221, 7, 3, 1, 'available'),
(1222, 7, 3, 2, 'available'),
(1223, 7, 3, 3, 'available'),
(1224, 7, 3, 4, 'available'),
(1225, 7, 3, 5, 'available'),
(1226, 7, 3, 6, 'available'),
(1227, 7, 3, 7, 'available'),
(1228, 7, 3, 8, 'available'),
(1229, 7, 3, 9, 'available'),
(1230, 7, 3, 10, 'available'),
(1231, 7, 4, 1, 'available'),
(1232, 7, 4, 2, 'available'),
(1233, 7, 4, 3, 'available'),
(1234, 7, 4, 4, 'available'),
(1235, 7, 4, 5, 'available'),
(1236, 7, 4, 6, 'available'),
(1237, 7, 4, 7, 'available'),
(1238, 7, 4, 8, 'available'),
(1239, 7, 4, 9, 'available'),
(1240, 7, 4, 10, 'available'),
(1241, 7, 5, 1, 'available'),
(1242, 7, 5, 2, 'available'),
(1243, 7, 5, 3, 'available'),
(1244, 7, 5, 4, 'available'),
(1245, 7, 5, 5, 'available'),
(1246, 7, 5, 6, 'available'),
(1247, 7, 5, 7, 'available'),
(1248, 7, 5, 8, 'available'),
(1249, 7, 5, 9, 'available'),
(1250, 7, 5, 10, 'available'),
(1251, 7, 6, 1, 'available'),
(1252, 7, 6, 2, 'available'),
(1253, 7, 6, 3, 'available'),
(1254, 7, 6, 4, 'available'),
(1255, 7, 6, 5, 'available'),
(1256, 7, 6, 6, 'available'),
(1257, 7, 6, 7, 'available'),
(1258, 7, 6, 8, 'available'),
(1259, 7, 6, 9, 'available'),
(1260, 7, 6, 10, 'available'),
(1261, 7, 7, 1, 'available'),
(1262, 7, 7, 2, 'available'),
(1263, 7, 7, 3, 'available'),
(1264, 7, 7, 4, 'available'),
(1265, 7, 7, 5, 'available'),
(1266, 7, 7, 6, 'available'),
(1267, 7, 7, 7, 'available'),
(1268, 7, 7, 8, 'available'),
(1269, 7, 7, 9, 'available'),
(1270, 7, 7, 10, 'available'),
(1271, 7, 8, 1, 'available'),
(1272, 7, 8, 2, 'available'),
(1273, 7, 8, 3, 'available'),
(1274, 7, 8, 4, 'available'),
(1275, 7, 8, 5, 'available'),
(1276, 7, 8, 6, 'available'),
(1277, 7, 8, 7, 'available'),
(1278, 7, 8, 8, 'available'),
(1279, 7, 8, 9, 'available'),
(1280, 7, 8, 10, 'available'),
(1281, 7, 9, 1, 'available'),
(1282, 7, 9, 2, 'available'),
(1283, 7, 9, 3, 'available'),
(1284, 7, 9, 4, 'available'),
(1285, 7, 9, 5, 'available'),
(1286, 7, 9, 6, 'available'),
(1287, 7, 9, 7, 'available'),
(1288, 7, 9, 8, 'available'),
(1289, 7, 9, 9, 'available'),
(1290, 7, 9, 10, 'available'),
(1291, 7, 10, 1, 'available'),
(1292, 7, 10, 2, 'available'),
(1293, 7, 10, 3, 'available'),
(1294, 7, 10, 4, 'available'),
(1295, 7, 10, 5, 'available'),
(1296, 7, 10, 6, 'available'),
(1297, 7, 10, 7, 'available'),
(1298, 7, 10, 8, 'available'),
(1299, 7, 10, 9, 'available'),
(1300, 7, 10, 10, 'available'),
(1301, 7, 11, 1, 'available'),
(1302, 7, 11, 2, 'available'),
(1303, 7, 11, 3, 'available'),
(1304, 7, 11, 4, 'available'),
(1305, 7, 11, 5, 'available'),
(1306, 7, 11, 6, 'available'),
(1307, 7, 11, 7, 'available'),
(1308, 7, 11, 8, 'available'),
(1309, 7, 11, 9, 'available'),
(1310, 7, 11, 10, 'available'),
(1311, 7, 12, 1, 'available'),
(1312, 7, 12, 2, 'available'),
(1313, 7, 12, 3, 'available'),
(1314, 7, 12, 4, 'available'),
(1315, 7, 12, 5, 'available'),
(1316, 7, 12, 6, 'available'),
(1317, 7, 12, 7, 'available'),
(1318, 7, 12, 8, 'available'),
(1319, 7, 12, 9, 'available'),
(1320, 7, 12, 10, 'available'),
(1321, 7, 13, 1, 'available'),
(1322, 7, 13, 2, 'available'),
(1323, 7, 13, 3, 'available'),
(1324, 7, 13, 4, 'available'),
(1325, 7, 13, 5, 'available'),
(1326, 7, 13, 6, 'available'),
(1327, 7, 13, 7, 'available'),
(1328, 7, 13, 8, 'available'),
(1329, 7, 13, 9, 'available'),
(1330, 7, 13, 10, 'available'),
(1331, 7, 14, 1, 'available'),
(1332, 7, 14, 2, 'available'),
(1333, 7, 14, 3, 'available'),
(1334, 7, 14, 4, 'available'),
(1335, 7, 14, 5, 'available'),
(1336, 7, 14, 6, 'available'),
(1337, 7, 14, 7, 'available'),
(1338, 7, 14, 8, 'available'),
(1339, 7, 14, 9, 'available'),
(1340, 7, 14, 10, 'available'),
(1341, 7, 15, 1, 'available'),
(1342, 7, 15, 2, 'available'),
(1343, 7, 15, 3, 'available'),
(1344, 7, 15, 4, 'available'),
(1345, 7, 15, 5, 'available'),
(1346, 7, 15, 6, 'available'),
(1347, 7, 15, 7, 'available'),
(1348, 7, 15, 8, 'available'),
(1349, 7, 15, 9, 'available'),
(1350, 7, 15, 10, 'available'),
(1351, 7, 16, 1, 'available'),
(1352, 7, 16, 2, 'available'),
(1353, 7, 16, 3, 'available'),
(1354, 7, 16, 4, 'available'),
(1355, 7, 16, 5, 'available'),
(1356, 7, 16, 6, 'available'),
(1357, 7, 16, 7, 'available'),
(1358, 7, 16, 8, 'available'),
(1359, 7, 16, 9, 'available'),
(1360, 7, 16, 10, 'available'),
(1361, 7, 17, 1, 'available'),
(1362, 7, 17, 2, 'available'),
(1363, 7, 17, 3, 'available'),
(1364, 7, 17, 4, 'available'),
(1365, 7, 17, 5, 'available'),
(1366, 7, 17, 6, 'available'),
(1367, 7, 17, 7, 'available'),
(1368, 7, 17, 8, 'available'),
(1369, 7, 17, 9, 'available'),
(1370, 7, 17, 10, 'available'),
(1371, 7, 18, 1, 'available'),
(1372, 7, 18, 2, 'available'),
(1373, 7, 18, 3, 'available'),
(1374, 7, 18, 4, 'available'),
(1375, 7, 18, 5, 'available'),
(1376, 7, 18, 6, 'available'),
(1377, 7, 18, 7, 'available'),
(1378, 7, 18, 8, 'available'),
(1379, 7, 18, 9, 'available'),
(1380, 7, 18, 10, 'available'),
(1381, 7, 19, 1, 'available'),
(1382, 7, 19, 2, 'available'),
(1383, 7, 19, 3, 'available'),
(1384, 7, 19, 4, 'available'),
(1385, 7, 19, 5, 'available'),
(1386, 7, 19, 6, 'available'),
(1387, 7, 19, 7, 'available'),
(1388, 7, 19, 8, 'available'),
(1389, 7, 19, 9, 'available'),
(1390, 7, 19, 10, 'available'),
(1391, 7, 20, 1, 'available'),
(1392, 7, 20, 2, 'available'),
(1393, 7, 20, 3, 'available'),
(1394, 7, 20, 4, 'available'),
(1395, 7, 20, 5, 'available'),
(1396, 7, 20, 6, 'available'),
(1397, 7, 20, 7, 'available'),
(1398, 7, 20, 8, 'available'),
(1399, 7, 20, 9, 'available'),
(1400, 7, 20, 10, 'available'),
(1401, 6, 1, 1, 'available'),
(1402, 6, 1, 2, 'available'),
(1403, 6, 1, 3, 'available'),
(1404, 6, 1, 4, 'available'),
(1405, 6, 1, 5, 'available'),
(1406, 6, 1, 6, 'available'),
(1407, 6, 1, 7, 'available'),
(1408, 6, 1, 8, 'available'),
(1409, 6, 1, 9, 'available'),
(1410, 6, 1, 10, 'available'),
(1411, 6, 2, 1, 'available'),
(1412, 6, 2, 2, 'available'),
(1413, 6, 2, 3, 'available'),
(1414, 6, 2, 4, 'available'),
(1415, 6, 2, 5, 'available'),
(1416, 6, 2, 6, 'available'),
(1417, 6, 2, 7, 'available'),
(1418, 6, 2, 8, 'available'),
(1419, 6, 2, 9, 'available'),
(1420, 6, 2, 10, 'available'),
(1421, 6, 3, 1, 'available'),
(1422, 6, 3, 2, 'available'),
(1423, 6, 3, 3, 'available'),
(1424, 6, 3, 4, 'available'),
(1425, 6, 3, 5, 'available'),
(1426, 6, 3, 6, 'available'),
(1427, 6, 3, 7, 'available'),
(1428, 6, 3, 8, 'available'),
(1429, 6, 3, 9, 'available'),
(1430, 6, 3, 10, 'available'),
(1431, 6, 4, 1, 'available'),
(1432, 6, 4, 2, 'available'),
(1433, 6, 4, 3, 'available'),
(1434, 6, 4, 4, 'available'),
(1435, 6, 4, 5, 'available'),
(1436, 6, 4, 6, 'available'),
(1437, 6, 4, 7, 'available'),
(1438, 6, 4, 8, 'available'),
(1439, 6, 4, 9, 'available'),
(1440, 6, 4, 10, 'available'),
(1441, 6, 5, 1, 'available'),
(1442, 6, 5, 2, 'available'),
(1443, 6, 5, 3, 'available'),
(1444, 6, 5, 4, 'available'),
(1445, 6, 5, 5, 'available'),
(1446, 6, 5, 6, 'available'),
(1447, 6, 5, 7, 'available'),
(1448, 6, 5, 8, 'available'),
(1449, 6, 5, 9, 'available'),
(1450, 6, 5, 10, 'available'),
(1451, 6, 6, 1, 'available'),
(1452, 6, 6, 2, 'available'),
(1453, 6, 6, 3, 'available'),
(1454, 6, 6, 4, 'available'),
(1455, 6, 6, 5, 'available'),
(1456, 6, 6, 6, 'available'),
(1457, 6, 6, 7, 'available'),
(1458, 6, 6, 8, 'available'),
(1459, 6, 6, 9, 'available'),
(1460, 6, 6, 10, 'available'),
(1461, 6, 7, 1, 'available'),
(1462, 6, 7, 2, 'available'),
(1463, 6, 7, 3, 'available'),
(1464, 6, 7, 4, 'available'),
(1465, 6, 7, 5, 'available'),
(1466, 6, 7, 6, 'available'),
(1467, 6, 7, 7, 'available'),
(1468, 6, 7, 8, 'available'),
(1469, 6, 7, 9, 'available'),
(1470, 6, 7, 10, 'available'),
(1471, 6, 8, 1, 'available'),
(1472, 6, 8, 2, 'available'),
(1473, 6, 8, 3, 'available'),
(1474, 6, 8, 4, 'available'),
(1475, 6, 8, 5, 'available'),
(1476, 6, 8, 6, 'available'),
(1477, 6, 8, 7, 'available'),
(1478, 6, 8, 8, 'available'),
(1479, 6, 8, 9, 'available'),
(1480, 6, 8, 10, 'available'),
(1481, 6, 9, 1, 'available'),
(1482, 6, 9, 2, 'available'),
(1483, 6, 9, 3, 'available'),
(1484, 6, 9, 4, 'available'),
(1485, 6, 9, 5, 'available'),
(1486, 6, 9, 6, 'available'),
(1487, 6, 9, 7, 'available'),
(1488, 6, 9, 8, 'available'),
(1489, 6, 9, 9, 'available'),
(1490, 6, 9, 10, 'available'),
(1491, 6, 10, 1, 'available'),
(1492, 6, 10, 2, 'available'),
(1493, 6, 10, 3, 'available'),
(1494, 6, 10, 4, 'available'),
(1495, 6, 10, 5, 'available'),
(1496, 6, 10, 6, 'available'),
(1497, 6, 10, 7, 'available'),
(1498, 6, 10, 8, 'available'),
(1499, 6, 10, 9, 'available'),
(1500, 6, 10, 10, 'available'),
(1501, 6, 11, 1, 'available'),
(1502, 6, 11, 2, 'available'),
(1503, 6, 11, 3, 'available'),
(1504, 6, 11, 4, 'available'),
(1505, 6, 11, 5, 'available'),
(1506, 6, 11, 6, 'available'),
(1507, 6, 11, 7, 'available'),
(1508, 6, 11, 8, 'available'),
(1509, 6, 11, 9, 'available'),
(1510, 6, 11, 10, 'available'),
(1511, 6, 12, 1, 'available'),
(1512, 6, 12, 2, 'available'),
(1513, 6, 12, 3, 'available'),
(1514, 6, 12, 4, 'available'),
(1515, 6, 12, 5, 'available'),
(1516, 6, 12, 6, 'available'),
(1517, 6, 12, 7, 'available'),
(1518, 6, 12, 8, 'available'),
(1519, 6, 12, 9, 'available'),
(1520, 6, 12, 10, 'available'),
(1521, 6, 13, 1, 'available'),
(1522, 6, 13, 2, 'available'),
(1523, 6, 13, 3, 'available'),
(1524, 6, 13, 4, 'available'),
(1525, 6, 13, 5, 'available'),
(1526, 6, 13, 6, 'available'),
(1527, 6, 13, 7, 'available'),
(1528, 6, 13, 8, 'available'),
(1529, 6, 13, 9, 'available'),
(1530, 6, 13, 10, 'available'),
(1531, 6, 14, 1, 'available'),
(1532, 6, 14, 2, 'available'),
(1533, 6, 14, 3, 'available'),
(1534, 6, 14, 4, 'available'),
(1535, 6, 14, 5, 'available'),
(1536, 6, 14, 6, 'available'),
(1537, 6, 14, 7, 'available'),
(1538, 6, 14, 8, 'available'),
(1539, 6, 14, 9, 'available'),
(1540, 6, 14, 10, 'available'),
(1541, 6, 15, 1, 'available'),
(1542, 6, 15, 2, 'available'),
(1543, 6, 15, 3, 'available'),
(1544, 6, 15, 4, 'available'),
(1545, 6, 15, 5, 'available'),
(1546, 6, 15, 6, 'available'),
(1547, 6, 15, 7, 'available'),
(1548, 6, 15, 8, 'available'),
(1549, 6, 15, 9, 'available'),
(1550, 6, 15, 10, 'available'),
(1551, 6, 16, 1, 'available'),
(1552, 6, 16, 2, 'available'),
(1553, 6, 16, 3, 'available'),
(1554, 6, 16, 4, 'available'),
(1555, 6, 16, 5, 'available'),
(1556, 6, 16, 6, 'available'),
(1557, 6, 16, 7, 'available'),
(1558, 6, 16, 8, 'available'),
(1559, 6, 16, 9, 'available'),
(1560, 6, 16, 10, 'available'),
(1561, 6, 17, 1, 'available'),
(1562, 6, 17, 2, 'available'),
(1563, 6, 17, 3, 'available'),
(1564, 6, 17, 4, 'available'),
(1565, 6, 17, 5, 'available'),
(1566, 6, 17, 6, 'available'),
(1567, 6, 17, 7, 'available'),
(1568, 6, 17, 8, 'available'),
(1569, 6, 17, 9, 'available'),
(1570, 6, 17, 10, 'available'),
(1571, 6, 18, 1, 'available'),
(1572, 6, 18, 2, 'available'),
(1573, 6, 18, 3, 'available'),
(1574, 6, 18, 4, 'available'),
(1575, 6, 18, 5, 'available'),
(1576, 6, 18, 6, 'available'),
(1577, 6, 18, 7, 'available'),
(1578, 6, 18, 8, 'available'),
(1579, 6, 18, 9, 'available'),
(1580, 6, 18, 10, 'available'),
(1581, 6, 19, 1, 'available'),
(1582, 6, 19, 2, 'available'),
(1583, 6, 19, 3, 'available'),
(1584, 6, 19, 4, 'available'),
(1585, 6, 19, 5, 'available'),
(1586, 6, 19, 6, 'available'),
(1587, 6, 19, 7, 'available'),
(1588, 6, 19, 8, 'available'),
(1589, 6, 19, 9, 'available'),
(1590, 6, 19, 10, 'available'),
(1591, 6, 20, 1, 'available'),
(1592, 6, 20, 2, 'available'),
(1593, 6, 20, 3, 'available'),
(1594, 6, 20, 4, 'available'),
(1595, 6, 20, 5, 'available'),
(1596, 6, 20, 6, 'available'),
(1597, 6, 20, 7, 'available'),
(1598, 6, 20, 8, 'available'),
(1599, 6, 20, 9, 'available'),
(1600, 6, 20, 10, 'available');

-- --------------------------------------------------------

--
-- Структура таблицы `users`
--

CREATE TABLE `users` (
  `userID` int NOT NULL,
  `userName` varchar(50) NOT NULL,
  `userPassword` varchar(255) NOT NULL,
  `userCreated` datetime DEFAULT CURRENT_TIMESTAMP,
  `userGroup` int NOT NULL DEFAULT '0',
  `userDesc` varchar(400) DEFAULT 'Welcome to my profile!',
  `userImg` varchar(2000) DEFAULT 'user-placeholder.jpg',
  `userFilm` varchar(50) DEFAULT '0',
  `userPoint` varchar(50) DEFAULT '0',
  `userBuy` varchar(50) DEFAULT '0',
  `userLvl` varchar(50) DEFAULT '1'
) ENGINE=MyISAM DEFAULT CHARSET=utf8mb3;

--
-- Дамп данных таблицы `users`
--

INSERT INTO `users` (`userID`, `userName`, `userPassword`, `userCreated`, `userGroup`, `userDesc`, `userImg`, `userFilm`, `userPoint`, `userBuy`, `userLvl`) VALUES
(1, 'administrator', '$2y$10$nD1VcbnvpDGtDRQkIJGZc.Arms.7QVhFMxFSNVAVoz.yiqjDlT3ES', '2023-12-16 15:01:24', 1, 'Я здесь админ!!', 'https://i1.wallbox.ru/wallpapers/main/201505/dbc10cfe6cced34.jpg', '65', '320', '456', '27'),
(7, 'Vadim', '$2y$10$nD1VcbnvpDGtDRQkIJGZc.Arms.7QVhFMxFSNVAVoz.yiqjDlT3ES', '2023-12-16 13:00:21', 2, 'пРИВЕТ', 'https://klike.net/uploads/posts/2023-01/1674736493_3-63.jpg', '41', '111', '289', '17'),
(9, 'Opi', '$2y$10$nD1VcbnvpDGtDRQkIJGZc.Arms.7QVhFMxFSNVAVoz.yiqjDlT3ES', '2023-12-21 09:51:52', 3, 'Welcome to my profile!', 'user-placeholder.jpg', '24', '98', '32', '11'),
(11, 'iut', '$2y$10$5wftDDPgqktNxvY7A5riMeU.hCa6gfZBCFinqIlCiDx0crkubNhAK', '2023-12-22 21:57:25', 0, '1232132121', 'https://w.forfun.com/fetch/98/98897f347900d683c361d3f7356bdd11.jpeg', '0', '0', '0', '1'),
(12, 'nik', '$2y$10$QS24nJiul8jXs2JB.gGPNO20jLwHcvKwUnUfrppWPuLjD09UjVpN2', '2023-12-23 10:54:01', 0, 'Welcome to my profile!', 'https://www.1zoom.ru/big2/541/255095-Sepik.jpg', '0', '0', '0', '1');

--
-- Индексы сохранённых таблиц
--

--
-- Индексы таблицы `categories`
--
ALTER TABLE `categories`
  ADD PRIMARY KEY (`catID`),
  ADD UNIQUE KEY `catName` (`catName`);

--
-- Индексы таблицы `connections`
--
ALTER TABLE `connections`
  ADD PRIMARY KEY (`conID`),
  ADD KEY `conCatID` (`conCatID`),
  ADD KEY `conMovieID` (`conMovieID`);

--
-- Индексы таблицы `movies`
--
ALTER TABLE `movies`
  ADD PRIMARY KEY (`movieID`),
  ADD UNIQUE KEY `movieName` (`movieTitle`),
  ADD UNIQUE KEY `movieImg` (`movieImg`);

--
-- Индексы таблицы `posts`
--
ALTER TABLE `posts`
  ADD PRIMARY KEY (`postID`),
  ADD KEY `userId` (`userId`);

--
-- Индексы таблицы `seats`
--
ALTER TABLE `seats`
  ADD PRIMARY KEY (`seatID`),
  ADD UNIQUE KEY `unique_seat` (`movieID`,`row`,`seatNumber`);

--
-- Индексы таблицы `users`
--
ALTER TABLE `users`
  ADD PRIMARY KEY (`userID`),
  ADD UNIQUE KEY `userName` (`userName`);

--
-- AUTO_INCREMENT для сохранённых таблиц
--

--
-- AUTO_INCREMENT для таблицы `categories`
--
ALTER TABLE `categories`
  MODIFY `catID` int NOT NULL AUTO_INCREMENT, AUTO_INCREMENT=9;

--
-- AUTO_INCREMENT для таблицы `connections`
--
ALTER TABLE `connections`
  MODIFY `conID` int NOT NULL AUTO_INCREMENT, AUTO_INCREMENT=17;

--
-- AUTO_INCREMENT для таблицы `movies`
--
ALTER TABLE `movies`
  MODIFY `movieID` int NOT NULL AUTO_INCREMENT, AUTO_INCREMENT=14;

--
-- AUTO_INCREMENT для таблицы `posts`
--
ALTER TABLE `posts`
  MODIFY `postID` int NOT NULL AUTO_INCREMENT, AUTO_INCREMENT=22;

--
-- AUTO_INCREMENT для таблицы `seats`
--
ALTER TABLE `seats`
  MODIFY `seatID` int NOT NULL AUTO_INCREMENT, AUTO_INCREMENT=1601;

--
-- AUTO_INCREMENT для таблицы `users`
--
ALTER TABLE `users`
  MODIFY `userID` int NOT NULL AUTO_INCREMENT, AUTO_INCREMENT=13;
COMMIT;

/*!40101 SET CHARACTER_SET_CLIENT=@OLD_CHARACTER_SET_CLIENT */;
/*!40101 SET CHARACTER_SET_RESULTS=@OLD_CHARACTER_SET_RESULTS */;
/*!40101 SET COLLATION_CONNECTION=@OLD_COLLATION_CONNECTION */;
